Country,Countrycode,BiocapPerCap_1996,BiocapPerCap_1986,BiocapPerCap_1971,TEF_Consumption,Total_Biocapacity,Overshoot,GDPPCint_2014,GDPPCint_2016,GDPPCint_2018,GDPPCus_2014,GDPPCus_2016,GDPPCus_2018,Percenturbanpop_2018,Percenturbanpop_2016,Percenturbanpop_2014,GenderGapIndex_2018,GGGeconomicsub_2018,GGGeducationsub_2018,GGGhealthsub_2018,GGGpoliticalsub_2018,Efindex,Govsize_subindex,Legal_subindex,Soundmoney_subindex,Trade_subindex,Regulation_subindex,WSP2000_Rank,ChangeBC_1971_2016,ChangeBC_1986_2016,ChangeBC_1996_2016
Eritrea,ERI,2.551633459,NA,NA,0.5,1.6,1.1,NA,NA,NA,NA,NA,NA,NA,NA,NA,NA,NA,NA,NA,NA,NA,NA,NA,NA,NA,NA,1,NA,NA,-0.951633459
Iraq,IRQ,0.375692666,0.402980423,NA,1.7,0.2,-1.53,15094.5705,16751.41545,15471.24529,5344.331964,5930.948815,5477.696148,70.473,70.094,69.758,0.551,0.264,0.829,0.975,0.135,5.21,5.04,2.78,7.14,5.54,5.52,1,NA,-0.202980423,-0.175692666
Lao PDR,LAO,1.574027507,2.076457429,2.930662321,1.9,2,0.05,5384.605721,5995.617333,6601.332345,1456.467655,1621.738558,1785.576798,35.004,33.736,32.487,0.748,0.915,0.968,0.971,0.137,6.67,6.27,5.61,7.38,7.54,6.53,1,-0.930662321,-0.076457429,0.425972493
Mongolia,MNG,18.85623622,24.45576827,39.21334743,7.7,14.1,6.46,11286.06996,11245.03829,12244.98173,3880.351388,3866.243973,4210.042293,68.445,68.297,68.163,0.714,0.78,0.993,0.98,0.102,7.43,7.86,5.81,9.1,6.73,7.63,1,-25.11334743,-10.35576827,-4.75623622
Papua New Guinea,PNG,5.524222205,6.918115995,10.09095824,1.7,3.6,1.83,3561.212872,3898.480626,3847.65237,2237.003857,2448.861248,2416.93308,13.169,13.05,12.988,NA,NA,NA,NA,NA,6.36,6.09,4.18,6.47,7.32,7.71,1,-6.49095824,-3.318115995,-1.924222205
Tajikistan,TJK,0.432128357,NA,NA,0.9,0.5,-0.42,2580.24756,2784.67661,3061.070721,904.47501,976.1351753,1073.021835,27.134,26.851,26.655,0.638,0.547,0.94,0.976,0.088,6.05,5.09,5.04,7.54,5.94,6.63,1,NA,NA,0.067871643
"Yemen, Rep.",YEM,0.662107381,1.007636841,1.865458129,0.7,0.4,-0.25,3828.484887,2619.050681,2284.970504,1119.147493,765.6041721,667.9454369,36.642,35.394,34.165,0.499,0.299,0.718,0.966,0.014,5.84,7.11,3.16,7.96,5.93,5.04,1,-1.465458129,-0.607636841,-0.262107381
Angola,AGO,3.487204384,4.642160295,7.635646755,1,1.9,0.93,6813.052106,6258.376628,5725.327238,3843.198241,3530.309423,3229.61974,65.514,64.149,62.731,0.633,0.602,0.745,0.98,0.206,4.83,6.76,2.95,5.57,3.21,5.66,2,-5.735646755,-2.742160295,-1.587204384
Benin,BEN,1.242166691,1.564171405,2.445494604,1.4,0.9,-0.53,2001.052,2009.661019,2151.54317,834.4435964,838.0335784,897.1987833,47.312,46.229,45.166,0.654,0.85,0.729,0.972,0.065,6.08,7.06,4.18,6.69,6.08,6.4,2,-1.545494604,-0.664171405,-0.342166691
Botswana,BWA,4.540213478,5.954785152,10.42760098,2.7,3.1,0.39,16175.23945,16037.20896,16518.23341,7864.253281,7797.144122,8031.013803,69.446,67.933,66.368,0.715,0.802,1,0.98,0.079,7.37,6.37,5.88,9.26,7.44,7.9,2,-7.32760098,-2.854785152,-1.440213478
Burkina Faso,BFA,1.338559012,1.581776429,1.828385169,1.2,1,-0.21,1582.330098,1642.039196,1761.234757,639.7080956,663.8474288,712.0360878,29.358,28.134,26.934,0.629,0.623,0.853,0.963,0.075,6.07,5.73,4.26,6.97,6.49,6.87,2,-0.828385169,-0.581776429,-0.338559012
Burundi,BDI,0.576195119,0.793194868,0.870153394,0.7,0.4,-0.28,768.4698369,689.0148917,660.330341,245.3267387,219.9614978,210.8042258,13.032,12.388,11.776,0.741,0.839,0.89,0.978,0.255,6.17,6.92,3.53,8.24,5.88,6.27,2,-0.470153394,-0.393194868,-0.176195119
Cambodia,KHM,0.90337587,1.152142543,1.441093924,1.4,1.1,-0.27,3123.559819,3466.78569,3869.489181,972.7427283,1079.630539,1205.040941,23.388,22.582,21.799,0.683,0.719,0.938,0.975,0.102,7.44,9.08,4.43,9.33,7.34,7.05,2,-0.341093924,-0.052142543,0.19662413
Central African Republic,CAF,10.49288444,13.20491277,19.10824078,1.2,7.7,6.45,672.6816483,723.2866499,763.0411996,334.1145508,359.2495719,378.9952771,41.364,40.618,39.959,NA,NA,NA,NA,NA,5.23,6.5,2.73,6.67,4.69,5.54,2,-11.40824078,-5.50491277,-2.79288444
Chad,TCD,3.365705797,4.506555677,6.419431556,1.5,1.9,0.37,2062.345069,1864.302188,1746.482075,960.44092,868.2116954,813.3424788,23.059,22.677,22.372,0.58,0.677,0.575,0.971,0.097,5.42,7.43,2.72,6.83,5.17,4.96,2,-4.519431556,-2.606555677,-1.465705797
"Congo, Democratic Republic of",COD,4.894291033,6.781784353,10.79059964,0.7,2.5,1.84,784.8726559,804.5229778,827.1382532,397.3416705,407.2896431,418.7386231,44.46,43.307,42.18,0.582,0.613,0.674,0.976,0.063,5,6.93,3.11,4.37,5.56,5.05,2,-8.29059964,-4.281784353,-2.394291033
Congo,COG,16.73221706,21.85180061,34.31608851,1.1,9.2,8.14,5694.862421,5403.536008,5024.082686,3005.736912,2851.975419,2651.700719,66.916,66.001,65.085,NA,NA,NA,NA,NA,5.08,5.61,3.1,5.74,5.39,5.56,2,-25.11608851,-12.65180061,-7.53221706
Eswatini,SWZ,1.115708226,1.581467321,2.479600377,1.9,0.9,-1.01,9052.402129,9219.542879,9439.208387,4578.28857,4662.820673,4773.917382,23.799,23.459,23.149,NA,NA,NA,NA,NA,6.52,5.25,4.88,7.72,7.01,7.74,2,-1.579600377,-0.681467321,-0.215708226
Ethiopia,ETH,0.621922225,1.065883991,1.583786499,1,0.6,-0.44,1413.962518,1617.322669,1794.290806,449.4203771,514.0573068,570.3056768,20.763,19.866,18.998,0.656,0.606,0.819,0.976,0.223,5.72,5.58,4.66,6.49,5.13,6.72,2,-0.983786499,-0.465883991,-0.021922225
Gabon,GAB,38.50830561,49.87224171,72.13413408,2.3,22.1,19.84,16606.91902,16523.58578,15861.58536,9467.363786,9419.856712,9042.459867,89.37,88.559,87.651,NA,NA,NA,NA,NA,5.88,6.29,4.21,6.12,5.91,6.85,2,-50.03413408,-27.77224171,-16.40830561
Gambia,GMB,1.214945812,1.943215437,3.377079035,1,0.7,-0.27,2203.733684,2201.652888,2317.690217,747.7087319,747.0027351,786.3732473,61.27,59.918,58.528,0.642,0.598,0.896,0.97,0.106,7.23,7.23,5.43,9.22,7.19,7.06,2,-2.677079035,-1.243215437,-0.514945812
Ghana,GHA,1.435533113,1.566507304,2.389406714,2,1.3,-0.65,3791.280251,3830.497662,4211.845783,1626.622783,1643.448744,1807.063539,56.06,54.749,53.419,0.688,0.753,0.935,0.968,0.097,6.58,8.01,5.23,5.88,6.59,7.18,2,-1.089406714,-0.266507304,-0.135533113
Guinea,GIN,2.85911913,4.312178742,5.278576905,1.6,2,0.43,1836.532318,2007.370105,2222.630126,741.0381352,809.9709354,896.8280428,36.14,35.46,34.836,0.656,0.82,0.682,0.962,0.162,5.86,5.4,3.24,7.78,5.93,6.94,2,-3.278576905,-2.312178742,-0.85911913
Guinea-Bissau,GNB,4.087488968,5.054161133,6.262763652,1.5,2.9,1.4,1425.770644,1526.8088,1596.35546,555.6050487,594.9783587,622.0798254,43.36,42.533,41.715,NA,NA,NA,NA,NA,5.23,5.04,2.85,6.27,6.16,5.85,2,-3.362763652,-2.154161133,-1.187488968
Lesotho,LSO,1.015491297,1.131478932,1.718451936,1.4,0.7,-0.65,2812.583503,2936.638407,2856.700426,1389.875532,1451.178913,1411.676497,28.153,27.317,26.502,0.693,0.65,1,0.98,0.143,6.5,5.56,5.35,7.73,6.45,7.4,2,-1.018451936,-0.431478932,-0.315491297
Liberia,LBR,5.120993147,5.358065693,8.09157004,1.1,2.3,1.21,1257.625441,1176.188045,1161.177916,586.2293608,548.2681436,541.2713241,51.151,50.254,49.397,0.681,0.729,0.792,0.968,0.236,6.56,7.19,4.22,9.03,6.2,6.17,2,-5.79157004,-3.058065693,-2.820993147
Libya,LBY,0.80392774,1.021043978,NA,3.7,0.7,-3.06,15965.49175,13860.37001,18424.53359,6530.856715,5669.733946,7536.754323,80.102,79.54,79.009,NA,NA,NA,NA,NA,4.45,3.65,3.58,6.5,2.35,6.16,2,NA,-0.321043978,-0.10392774
Madagascar,MDG,3.94862067,5.286344424,8.057819619,0.9,2.3,1.42,1602.933849,1629.069295,1678.213529,468.1130008,475.7454692,490.0973122,37.191,35.856,34.534,0.691,0.714,0.95,0.974,0.127,6.14,7.58,2.98,7.63,6.67,5.83,2,-5.757819619,-2.986344424,-1.64862067
Malawi,MWI,0.638075373,0.724422314,1.098747155,0.7,0.5,-0.2,1142.530804,1139.63065,1163.277341,507.537975,506.2496613,516.7540552,16.937,16.506,16.132,0.662,0.609,0.908,0.98,0.152,6.06,5.95,4.74,6.98,6.62,6.01,2,-0.598747155,-0.224422314,-0.138075373
Mali,MLI,2.115709199,2.294214838,2.866790388,1.6,1.5,-0.04,1868.313533,1974.31099,2055.622912,706.981554,747.0916565,777.8605975,42.356,40.783,39.196,0.582,0.507,0.739,0.965,0.118,5.91,5.71,3.46,7.3,6.87,6.2,2,-1.366790388,-0.794214838,-0.615709199
Mauritania,MRT,7.205317081,9.430478198,14.71263312,2.3,4,1.71,3779.101155,3649.514801,3683.24957,1369.187945,1322.238137,1334.460418,53.672,51.962,50.203,0.607,0.408,0.862,0.97,0.189,6.11,5.86,3.71,8.05,6.02,6.9,2,-10.71263312,-5.430478198,-3.205317081
Mauritius,MUS,0.836650509,0.975718713,1.143306072,3.5,0.7,-2.81,18255.86996,19590.60924,21074.81304,9163.633473,9833.613132,10578.61732,40.793,40.91,41.111,0.663,0.585,0.991,0.98,0.097,8.07,8.05,6.86,9.44,8.48,7.5,2,-0.443306072,-0.275718713,-0.136650509
Mozambique,MOZ,3.097120972,3.775645651,5.379413761,0.8,1.8,0.98,1222.452874,1279.395544,1295.224901,558.2093443,584.2111079,591.4392764,35.988,34.926,33.878,0.721,0.675,0.889,0.98,0.34,5.6,5.43,4.1,6.94,6.52,5,2,-3.579413761,-1.975645651,-1.297120972
Namibia,NAM,NA,NA,NA,2.7,6.3,3.69,10030.11804,10374.00763,9850.912848,6154.488886,6365.499832,6044.528433,50.032,47.961,45.826,0.789,0.804,0.999,0.98,0.375,6.53,5.71,6.36,6.46,6.48,7.66,2,NA,NA,NA
Niger,NER,1.344812633,1.714777932,2.276722709,1.7,1.4,-0.3,900.1369182,912.0285811,943.599333,384.9006562,389.9855591,403.4852866,16.425,16.29,16.219,NA,NA,NA,NA,NA,5.83,6.24,3.74,7.08,5.57,6.54,2,-0.876722709,-0.314777932,0.055187367
Rwanda,RWA,0.439165831,0.690384259,0.77109247,0.8,0.4,-0.32,1667.579916,1827.558904,1997.859198,688.2121987,754.2357159,824.5188484,17.211,17.056,16.967,0.804,0.743,0.961,0.973,0.539,7.26,5.25,6.92,9.18,7.11,7.84,2,-0.37109247,-0.290384259,-0.039165831
Senegal,SEN,1.618287581,2.270764911,3.503240277,1.1,1,-0.17,2902.507332,3104.244483,3356.33591,1337.40669,1430.362395,1546.520159,47.192,46.296,45.436,0.682,0.564,0.88,0.976,0.308,6.17,7.02,4.28,7.22,6.7,5.63,2,-2.503240277,-1.270764911,-0.618287581
Sierra Leone,SLE,1.37988766,1.544497126,2.109657297,1.2,1.1,-0.05,1707.097335,1376.397474,1421.469418,567.834267,457.8330917,472.8254381,42.055,41.228,40.432,0.661,0.686,0.907,0.967,0.083,5.63,6.94,3.88,6.54,6.05,4.74,2,-1.009657297,-0.444497126,-0.27988766
Somalia,SOM,1.62458908,1.928509207,3.665152807,1,0.9,-0.11,NA,NA,NA,NA,NA,NA,44.971,43.816,42.679,NA,NA,NA,NA,NA,NA,NA,NA,NA,NA,NA,2,-2.765152807,-1.028509207,-0.72458908
Sudan,SDN,NA,NA,NA,1.2,1.1,-0.1,4161.895062,4356.784131,NA,1825.541037,1911.025651,1855.626292,34.642,34.121,33.689,NA,NA,NA,NA,NA,4.67,7.64,3.03,4.4,2.31,5.95,2,NA,NA,NA
Tanzania,TZA,1.310182382,1.644889912,2.29905232,1.2,1,-0.2,2536.600088,2710.409798,NA,846.3868415,904.3818923,957.1259352,33.776,32.333,30.904,0.704,0.676,0.918,0.978,0.245,6.77,6.66,5.69,8.27,6.24,7,2,-1.29905232,-0.644889912,-0.310182382
Togo,TGO,0.702619057,0.762545695,1.109696762,1.1,0.5,-0.55,1423.553002,1510.287132,1574.020407,611.5350691,648.7946319,676.1734036,41.702,40.628,39.579,0.618,0.61,0.771,0.965,0.128,6.21,6.51,5.24,6.98,5.67,6.63,2,-0.609696762,-0.262545695,-0.202619057
Uganda,UGA,0.850973211,1.039403374,1.646954278,1.1,0.5,-0.58,1722.491377,1767.4969,1808.431134,676.3376331,694.009088,710.0819481,23.774,22.624,21.504,0.724,0.7,0.913,0.98,0.305,7.39,7.48,4.71,9.35,7.63,7.79,2,-1.146954278,-0.539403374,-0.350973211
Zambia,ZMB,3.181410506,3.853650035,6.35079721,0.9,1.9,0.93,3684.685507,3703.012866,3747.972455,1644.10679,1652.284458,1672.345428,43.521,42.438,41.382,NA,NA,NA,NA,NA,6.84,6.61,5.22,8.8,7.1,6.46,2,-4.45079721,-1.953650035,-1.281410506
Zimbabwe,ZWE,0.861690885,1.16264233,1.731298055,1.1,0.5,-0.57,2506.49022,2489.097494,2688.406942,1232.864865,1224.309922,1322.344063,32.209,32.296,32.504,0.721,0.73,0.986,0.98,0.19,5.69,5.49,4.05,8.42,3.75,6.73,2,-1.231298055,-0.66264233,-0.361690885
Algeria,DZA,0.685933968,0.69304779,1.159316977,2.4,0.5,-1.88,13557.76976,13926.91049,13737.35606,4702.0917,4830.116707,4764.375636,72.629,71.459,70.221,0.629,0.452,0.957,0.962,0.145,4.77,3.58,4.73,7.34,2.77,5.41,3,-0.659316977,-0.19304779,-0.185933968
Argentina,ARG,6.53101244,7.234413273,8.616715447,3.4,6.8,3.47,18935.0025,18645.09185,18288.2446,10398.69401,10239.48135,10043.50855,91.87,91.627,91.377,0.733,0.599,0.995,0.98,0.356,5.67,5.71,3.98,6.47,6.55,5.65,3,-1.816715447,-0.434413273,0.26898756
Bolivia,BOL,24.64432222,30.02505257,40.91361076,3.2,15.8,12.64,6239.548296,6620.438018,6986.046487,2286.013198,2425.56159,2559.511317,69.425,68.738,68.047,0.748,0.63,0.976,0.979,0.408,6.14,5.89,3.48,9.34,7.03,4.93,3,-25.11361076,-14.22505257,-8.84432222
Chile,CHL,3.867216771,4.351822104,5.368106,4.3,3.5,-0.76,22013.85111,22331.22608,22873.80701,14561.32616,14771.25765,15130.15432,87.564,87.422,87.303,0.717,0.585,0.999,0.977,0.307,7.89,8.17,6.44,9.53,8.34,6.97,3,-1.868106,-0.851822104,-0.367216771
Colombia,COL,4.817710755,5.762768901,8.073638249,2,3.6,1.59,12887.59928,13207.46827,13321.32785,7441.310334,7626.002946,7691.745564,80.778,80.108,79.415,0.729,0.733,1,0.98,0.203,6.68,7.24,3.94,8.19,6.68,7.34,3,-4.473638249,-2.162768901,-1.217710755
Costa Rica,CRI,2.038425891,2.692529804,4.153396244,2.7,1.6,-1.13,14259.04652,15077.4901,15679.98056,8993.526002,9509.738189,9889.743515,79.34,77.735,75.941,0.749,0.614,1,0.977,0.406,7.41,7.04,5.82,9.76,7.96,6.46,3,-2.553396244,-1.092529804,-0.438425891
Cote d'Ivoire,CIV,2.31242623,2.963332645,5.054409934,1.2,1.9,0.69,3038.844827,3395.088932,3733.04767,1377.796563,1539.315802,1692.54455,50.779,49.881,49.014,0.627,0.621,0.815,0.97,0.102,5.97,5.93,4.21,7.12,5.92,6.67,3,-3.154409934,-1.063332645,-0.41242623
Cuba,CUB,0.733900483,0.906051833,0.851340502,1.8,0.8,-0.97,NA,NA,NA,6255.426161,6550.274373,6816.896809,77.037,76.93,76.861,0.749,0.627,0.999,0.975,0.396,NA,NA,NA,NA,NA,NA,3,-0.051340502,-0.106051833,0.066099517
Dominican Republic,DOM,0.59244932,0.73159932,0.935454194,1.7,0.6,-1.11,12892.32524,14374.5065,15748.38431,6301.697662,7026.179709,7697.723623,81.074,79.436,77.67,0.701,0.65,0.997,0.98,0.179,6.92,6.43,4.11,9.51,7.94,6.63,3,-0.335454194,-0.13159932,0.00755068
Ecuador,ECU,3.103487041,3.777047321,5.243771769,1.7,2,0.28,10868.11941,10394.06076,10412.19927,5412.131646,5176.058803,5185.091461,63.821,63.534,63.261,0.729,0.657,0.996,0.978,0.283,6.28,6.52,4,8.33,6.52,6.04,3,-3.243771769,-1.777047321,-1.103487041
El Salvador,SLV,0.715139215,0.787015035,1.067056314,2.1,0.6,-1.46,6847.94605,7119.024091,7393.006735,3252.566502,3381.320343,3511.453782,72.023,70.501,68.874,0.69,0.582,0.992,0.98,0.206,7.16,8.41,3.57,9.85,7.63,6.33,3,-0.467056314,-0.187015035,-0.115139215
Guatemala,GTM,1.42065735,1.55541537,1.939171554,1.9,1,-0.85,7147.563077,7368.339087,7508.864463,3007.920435,3100.829958,3159.967477,51.054,50.319,49.634,0.668,0.623,0.968,0.98,0.102,7.57,9.44,4.33,9.55,8.03,6.5,3,-0.939171554,-0.55541537,-0.42065735
Haiti,HTI,0.280744035,0.396266926,0.484126067,0.7,0.3,-0.35,1656.315765,1655.294377,1656.293904,730.3063521,729.8559997,730.296713,55.278,53.396,51.444,NA,NA,NA,NA,NA,6.49,8.5,2.5,7.08,7.47,6.86,3,-0.184126067,-0.096266926,0.019255965
Honduras,HND,2.751672012,3.790707814,5.858725299,1.6,1.5,-0.02,4162.166942,4337.583585,4559.736508,2025.814195,2111.193164,2219.319665,57.096,55.813,54.514,0.706,0.673,1,0.977,0.176,7.16,8.84,3.7,9.12,7.22,6.91,3,-4.358725299,-2.290707814,-1.251672012
Jamaica,JAM,0.475034387,0.484185069,0.591063252,1.6,0.4,-1.19,8019.18141,8116.702743,8275.769452,4704.725955,4761.940167,4855.262071,55.674,55.098,54.584,0.724,0.747,1,0.976,0.171,7.17,7.46,5.07,8.49,6.84,7.98,3,-0.191063252,-0.084185069,-0.075034387
Kenya,KEN,0.658818298,0.960177172,1.416943805,1,0.5,-0.53,2713.300271,2891.487154,3076.844818,1060.095016,1129.713196,1202.133023,27.03,26.105,25.221,0.7,0.734,0.929,0.98,0.159,7.05,7.43,5.2,9.23,6.7,6.7,3,-0.916943805,-0.460177172,-0.158818298
Mexico,MEX,1.570226678,1.807945245,2.595704111,2.6,1.2,-1.43,17149.7771,17789.02627,18133.70147,9839.050191,10205.79575,10403.5404,80.156,79.577,78.993,0.721,0.574,0.996,0.979,0.335,6.93,7.9,4.18,7.89,7.64,7.05,3,-1.395704111,-0.607945245,-0.370226678
Nicaragua,NIC,2.861576536,3.773324241,7.104590908,1.8,2.2,0.45,4684.54112,5001.793175,4910.050643,1774.99204,1895.200159,1860.438533,58.522,58.09,57.7,0.809,0.679,1,0.98,0.576,7.01,6.64,4.43,9.15,7.8,7.01,3,-4.904590908,-1.573324241,-0.661576536
Nigeria,NGA,0.864182939,0.727938377,1.030135577,1.1,0.7,-0.4,5687.592044,5448.912867,5315.823181,2563.899969,2456.306188,2396.310914,50.344,48.683,46.982,0.621,0.661,0.806,0.964,0.052,6.86,8.59,3.32,8.57,6.08,7.75,3,-0.330135577,-0.027938377,-0.164182939
Panama,PAN,4.220918128,5.479482905,8.988882234,2.3,2.8,0.5,20031.69344,21484.3151,22674.39904,10357.50418,11108.5907,11723.93056,67.709,67.027,66.371,0.722,0.693,0.995,0.98,0.222,7.66,7.87,5.17,9.74,8.65,6.87,3,-6.188882234,-2.679482905,-1.420918128
Paraguay,PRY,13.9337795,19.62298469,33.79363416,2.9,9.9,6.95,10870.74344,11381.32049,12067.53627,4861.287099,5089.61202,5396.480812,61.585,61.026,60.474,0.672,0.623,0.994,0.972,0.1,7.03,8.3,3.87,9.43,7.32,6.25,3,-23.89363416,-9.72298469,-4.0337795
Peru,PER,4.744172716,5.63820024,8.248972919,2.2,3.7,1.45,11887.41515,12414.47789,12793.49487,5996.496965,6262.368905,6453.560525,77.907,77.539,77.173,0.72,0.634,0.988,0.977,0.282,7.49,7.53,4.73,9.72,8.24,7.22,3,-4.548972919,-1.93820024,-1.044172716
Uruguay,URY,9.701652677,9.640343657,10.62036936,1.9,10,8.04,19939.00501,20210.25768,20916.15018,13934.57617,14124.14386,14617.464,95.334,95.144,94.945,0.715,0.664,1,0.98,0.216,7.05,6.32,5.23,9.04,7.86,6.8,3,-0.62036936,0.359656343,0.298347323
"Venezuela, Bolivarian Republic of",VEN,3.852950993,4.491221371,6.051875848,2.5,2.5,0,17131.38691,13416.79551,9401.622748,14025.35756,10984.2452,7697.048782,88.208,88.165,88.144,0.709,0.691,0.997,0.98,0.167,2.58,4.58,1.98,0.69,3.18,2.49,3,-3.551875848,-1.991221371,-1.352950993
Bangladesh,BGD,0.340567595,0.396168625,0.432113939,0.8,0.4,-0.44,3067.032884,3424.01066,3879.161524,951.314821,1062.040158,1203.216265,36.632,35.083,33.535,0.721,0.441,0.95,0.969,0.526,6.18,8.15,3.14,6.98,5.95,6.67,4,-0.032113939,0.003831375,0.059432405
"Egypt, Arab Rep.",EGY,0.478719719,0.380702269,0.457818051,1.8,0.4,-1.36,10032.48205,10460.90642,11013.73549,2648.294169,2761.386198,2907.317585,42.704,42.732,42.839,0.614,0.421,0.975,0.974,0.087,5.05,4.86,4.04,5.77,5.81,4.78,4,-0.057818051,0.019297731,-0.078719719
"Iran, Islamic Rep.",IRN,0.96158918,1.009890123,1.308421982,3.2,0.7,-2.46,17130.73203,18663.53672,NA,6236.289411,6794.293215,NA,74.898,73.88,72.83,0.589,0.376,0.969,0.966,0.046,5.72,5.46,4.58,8.01,4.93,5.6,4,-0.608421982,-0.309890123,-0.26158918
Jordan,JOR,0.206161761,0.21513498,0.425366427,2.1,0.2,-1.91,8634.535737,8422.033348,8410.856072,3353.623382,3271.0882,3266.746985,90.979,90.506,90,0.605,0.375,0.998,0.971,0.075,7.44,7.55,4.81,9.49,7.54,7.79,4,-0.225366427,-0.01513498,-0.006161761
Lebanon,LBN,0.578319464,0.41108562,0.389647406,3.3,0.3,-3,12349.03599,11756.97332,11607.17582,6649.213772,6330.423607,6249.766655,88.593,88.266,87.947,0.595,0.432,0.959,0.967,0.024,6.97,8.36,3.84,9.56,6.75,6.36,4,-0.089647406,-0.11108562,-0.278319464
Morocco,MAR,0.993081051,1.035197388,1.153033428,1.7,0.6,-1.11,7104.525483,7308.762286,NA,3125.079481,3214.917464,3357.359102,62.453,61.36,60.256,0.607,0.404,0.942,0.963,0.117,6.69,6.22,5.56,7.29,7.08,7.27,4,-0.553033428,-0.435197388,-0.393081051
Sri Lanka,LKA,0.442157793,0.554374224,0.548128262,1.5,0.5,-0.99,10646.80227,11447.4152,11955.49971,3505.550452,3769.159089,3936.450246,18.476,18.311,18.218,0.676,0.549,0.988,0.98,0.188,6.57,7.63,4.91,7.58,5.83,6.91,4,-0.048128262,-0.054374224,0.057842207
Syrian Arab Republic,SYR,1.010281736,0.92083838,0.910026079,1.4,0.6,-0.75,NA,NA,NA,NA,NA,NA,54.162,52.835,51.5,0.568,0.273,0.955,0.98,0.063,5.05,5.72,3.24,5.93,4.97,5.37,4,-0.310026079,-0.32083838,-0.410281736
Tunisia,TUN,1.136060115,0.874868411,1.158345871,2.2,0.7,-1.48,10845.57404,10876.99999,11094.04785,4302.486544,4314.953355,4401.05719,68.945,68.346,67.772,0.648,0.439,0.966,0.971,0.216,6.2,5.63,5.29,6.9,6.76,6.42,4,-0.458345871,-0.174868411,-0.436060115
Armenia,ARM,0.502208436,NA,NA,1.9,0.8,-1.14,7954.195331,8158.634794,9177.744159,3819.217787,3917.379676,4406.706434,63.149,63.082,63.112,0.678,0.675,1,0.939,0.099,7.7,7.4,5.86,9.48,8.2,7.54,5,NA,NA,0.297791564
Azerbaijan,AZE,0.633455425,NA,NA,2.1,0.8,-1.31,16853.56847,16131.97213,16010.98904,6072.58604,5812.584374,5768.992405,55.68,55.021,54.422,0.68,0.716,1,0.941,0.063,6.34,4.84,5.49,6.85,7.29,7.22,5,NA,NA,0.166544575
Belarus,BLR,2.754698526,NA,NA,4,3.1,-0.93,17933.34272,16763.03611,17741.86223,6817.289219,6372.401795,6744.49867,78.595,77.661,76.693,0.747,0.838,0.998,0.979,0.173,6.64,6.12,5.33,7.44,6.78,7.5,5,NA,NA,0.345301474
Bosnia and Herzegovina,BIH,1.662490637,NA,NA,3.7,1.9,-1.8,10783.42355,11790.63456,12711.83977,5117.140156,5595.09967,6032.246199,48.245,47.518,46.84,0.712,0.599,0.981,0.98,0.29,6.69,5.63,4.19,8.31,7.84,7.5,5,NA,NA,0.237509363
Georgia,GEO,NA,NA,NA,2.1,1.3,-0.8,9179.19,9707.630682,10651.94209,4068.52909,4302.751967,4721.302887,58.632,57.837,57.067,0.677,0.654,0.996,0.967,0.093,7.94,7.58,6.34,8.89,8.74,8.15,5,NA,NA,NA
Kazakhstan,KAZ,3.175967493,NA,NA,5.5,3.6,-1.95,23587.33752,23447.0157,24738.36283,10646.03446,10582.70087,11165.54436,57.428,57.264,57.118,0.712,0.741,1,0.979,0.13,7.1,7.02,5.3,8.89,6.62,7.7,5,NA,NA,0.424032507
Kyrgyz Republic,KGZ,1.373795713,NA,NA,1.7,1.2,-0.49,3176.902804,3304.562686,3446.99394,1002.01558,1042.280328,1087.204062,36.351,35.944,35.635,0.691,0.662,0.991,0.98,0.13,6.92,7.03,4.26,9.27,7.36,6.68,5,NA,NA,-0.173795713
Latvia,LVA,5.840703915,NA,NA,6.4,8.5,2.14,22201.86413,23740.17962,26219.30647,13776.14963,14730.66697,16268.95322,68.142,68.021,67.952,0.758,0.807,1,0.98,0.246,7.73,6.78,6.29,9.28,8.36,7.94,5,NA,NA,2.659296085
Lithuania,LTU,3.210170276,NA,NA,5.6,5.2,-0.38,26232.5281,28063.79821,31177.57805,14899.79301,15939.93467,17708.52804,67.679,67.366,67.108,0.749,0.765,0.997,0.98,0.254,7.88,7.39,6.56,9.22,8.2,8.04,5,NA,NA,1.989829724
Moldova,MDA,0.907304643,NA,NA,1.7,1.2,-0.54,5711.282367,5950.350837,6452.299738,2362.174456,2461.052676,2668.657692,42.629,42.511,42.496,0.733,0.785,0.993,0.98,0.176,6.66,6.38,4.34,8.15,7.48,6.93,5,NA,NA,0.292695357
North Macedonia,MKD,NA,NA,NA,NA,NA,NA,12296.7816,13115.92104,13483.45346,4919.5399,5247.250784,5394.288478,57.963,57.563,57.284,0.707,0.62,0.993,0.976,0.241,7.02,6.74,4.31,8.14,7.89,8.02,5,NA,NA,NA
Turkmenistan,TKM,3.090154107,NA,NA,5.3,2.5,-2.82,14332.13766,15648.84845,17128.98534,6399.168813,6987.068177,7647.935804,51.593,50.728,49.921,NA,NA,NA,NA,NA,NA,NA,NA,NA,NA,NA,5,NA,NA,-0.590154107
Ukraine,UKR,1.444372635,NA,NA,2.9,2.8,-0.07,8243.473515,7678.053699,NA,3123.915572,2909.646215,3110.194646,69.352,69.154,68.968,0.708,0.747,1,0.978,0.107,5.96,7.16,4.44,4.99,6.78,6.44,5,NA,NA,1.355627365
Uzbekistan,UZB,0.838935427,NA,NA,1.9,0.8,-1.08,6498.139042,7154.029072,7591.986727,2025.352625,2229.781706,2366.2852,50.478,50.65,50.85,NA,NA,NA,NA,NA,NA,NA,NA,NA,NA,NA,5,NA,NA,-0.038935427
Afghanistan,AFG,0.640589225,0.936478415,0.988136739,0.7,0.4,-0.3,1795.735834,1757.02349,1734.723214,583.6561928,571.0737745,563.8256627,25.495,25.02,24.587,NA,NA,NA,NA,NA,NA,NA,NA,NA,NA,NA,6,-0.588136739,-0.536478415,-0.240589225
Cameroon,CMR,2.47103438,3.26683821,4.924973603,1.4,1.7,0.31,3134.080704,3284.863824,3358.590924,1400.387017,1467.760752,1500.703897,56.374,55.179,53.976,0.714,0.816,0.876,0.973,0.191,5.84,6.95,3.2,7.32,5.15,6.57,6,-3.224973603,-1.56683821,-0.77103438
"Korea, Dem. People Rep.",PRK,0.694771488,0.998739311,1.11721231,0.9,0.6,-0.32,NA,NA,NA,NA,NA,NA,61.899,61.471,61.098,NA,NA,NA,NA,NA,NA,NA,NA,NA,NA,NA,6,-0.51721231,-0.398739311,-0.094771488
Myanmar,MMR,1.760383932,1.928472088,2.407412475,1.7,1.9,0.24,4737.459861,5288.570199,5922.023358,1257.483616,1403.767118,1571.907217,30.579,30.082,29.65,0.69,0.738,0.976,0.977,0.069,5.63,6.81,3.61,6.67,5.21,5.85,6,-0.507412475,-0.028472088,0.139616068
Nepal,NPL,0.548158995,0.527517204,0.66173515,1.1,0.6,-0.51,2385.470716,2447.034074,2741.436372,711.304347,729.66143,817.446886,19.74,18.942,18.182,0.671,0.608,0.926,0.966,0.185,6.49,7.22,4.54,6.81,6.63,7.24,6,-0.06173515,0.072482796,0.051841005
Vietnam,VNM,0.798499129,0.735751455,0.954057791,2.1,1,-1.1,5312.492183,5895.628492,6608.621686,1579.189102,1752.531946,1964.475991,35.919,34.51,33.115,0.698,0.74,0.972,0.957,0.124,6.27,6.7,5,6.68,6.27,6.73,6,0.045942209,0.264248545,0.201500871
Albania,ALB,0.83711866,1.076483867,1.334947242,2,1,-0.98,10700.99322,11352.10142,12316.0715,4413.309627,4681.840039,5079.40112,60.319,58.421,56.423,0.734,0.701,0.987,0.963,0.284,7.67,7.53,5.06,9.65,8.34,7.77,7,-0.334947242,-0.076483867,0.16288134
Bulgaria,BGR,1.935866424,2.449469231,2.42913437,3.4,3.3,-0.18,16324.33748,17792.67814,19320.75123,7309.415115,7966.882009,8651.094801,75.008,74.329,73.651,0.756,0.708,0.989,0.979,0.346,7.54,7.13,5.28,9.43,8.11,7.74,7,0.87086563,0.850530769,1.364133576
Croatia,HRV,2.598904944,NA,NA,3.9,3.2,-0.75,20347.89784,21900.81435,23664.14523,13662.86566,14705.59203,15889.60391,56.947,56.403,55.923,0.712,0.681,0.998,0.98,0.191,7.26,5.72,5.58,9.55,8.18,7.29,7,NA,NA,0.601095056
Romania,ROU,2.066102928,2.322578895,2.321810847,3.1,2.9,-0.22,19801.94803,21782.13102,24538.07755,9306.243383,10236.86217,11532.06349,53.998,53.9,53.9,0.711,0.705,0.996,0.98,0.162,7.68,6.99,6.13,9.37,8.43,7.48,7,0.578189153,0.577421105,0.833897072
Russian Federation,RUS,6.430724041,NA,NA,5.2,7,1.8,25284.5862,24416.62388,NA,11573.49957,11298.48374,11729.09437,74.433,74.164,73.95,0.701,0.741,1,0.98,0.085,6.78,6.33,4.83,9.31,6.83,6.6,7,NA,NA,0.569275959
China,CHN,0.890793839,0.854779003,0.897558076,3.6,1,-2.66,12725.0891,14368.6308,16181.77772,6096.487817,6883.895425,7752.559525,59.152,56.736,54.259,0.673,0.653,0.958,0.915,0.164,6.42,4.67,5.58,8.5,6.81,6.55,8,0.102441924,0.145220997,0.109206161
India,IND,0.455412924,0.433294766,0.486564478,1.2,0.4,-0.74,5377.889179,6145.294538,6888.188468,1640.1807,1874.228561,2100.80078,34.03,33.182,32.384,0.665,0.385,0.953,0.94,0.382,6.91,8.22,5.17,8.37,6.08,6.69,8,-0.086564478,-0.033294766,-0.055412924
Indonesia,IDN,1.434167535,1.630700732,2.165504701,1.7,1.3,-0.41,10003.17184,10748.2888,11605.85533,3692.973446,3968.055911,4284.652535,55.325,53.989,52.635,0.691,0.629,0.967,0.974,0.193,7.27,8.31,4.94,9.68,6.95,6.47,8,-0.865504701,-0.330700732,-0.134167535
Malaysia,MYS,3.113357754,3.873061017,4.978109739,3.9,2.3,-1.66,24487.44782,26162.57245,28201.05584,10524.07074,11243.99591,12120.08326,76.036,74.84,73.577,0.676,0.656,1,0.974,0.072,7.34,6.44,5.57,8.23,7.79,8.67,8,-2.678109739,-1.573061017,-0.813357754
Pakistan,PAK,0.44791094,0.49224284,0.527886879,0.8,0.4,-0.47,4347.527506,4608.527214,4939.780017,1054.227974,1117.517555,1197.842744,36.666,36.234,35.819,0.55,0.318,0.81,0.946,0.127,5.91,7.02,3.63,6.67,5.85,6.36,8,-0.127886879,-0.09224284,-0.04791094
Philippines,PHL,0.629767901,0.705832512,0.8293151,1.3,0.5,-0.78,6558.973377,7209.786486,7942.509857,2495.575295,2743.198363,3021.986863,46.907,46.475,46.093,0.799,0.801,1,0.979,0.416,7.32,8.29,4.21,9.52,7.16,7.41,8,-0.3293151,-0.205832512,-0.129767901
South Africa,ZAF,1.334407033,1.545576712,2.29076628,3.2,1,-2.19,12388.25666,12214.95477,12144.6942,7582.696929,7476.621012,7433.615398,66.355,65.341,64.312,0.755,0.645,0.992,0.98,0.404,6.61,5.77,5.05,8.17,6.87,7.2,8,-1.29076628,-0.545576712,-0.334407033
Thailand,THA,1.103722909,1.089051614,1.331332719,2.5,1.2,-1.31,14852.43612,15709.78363,16904.69838,5589.31172,5911.951214,6361.62499,49.949,48.448,46.943,0.702,0.763,0.991,0.978,0.074,6.86,6.78,4.67,8.59,7.24,7,8,-0.131332719,0.110948386,0.096277091
Brazil,BRA,11.01106426,13.06717525,17.41512265,2.8,8.7,5.89,15480.86796,14200.31477,14282.71701,11951.21238,10962.62678,11026.24121,86.569,86.042,85.492,0.681,0.645,1,0.98,0.101,6.23,5.65,4.53,9.42,7.13,4.41,9,-8.71512265,-4.36717525,-2.31106426
Poland,POL,1.958880508,2.106321259,2.177664951,4.4,2,-2.44,24355.39527,26093.88145,28785.54142,14095.43119,15101.56195,16659.33211,60.058,60.178,60.403,0.728,0.706,0.998,0.98,0.23,7.24,5.63,5.78,9.7,7.89,7.19,9,-0.177664951,-0.106321259,0.041119492
Turkey,TUR,1.854695824,2.104047782,2.467834324,3.4,1.4,-1.92,22343.49745,23664.43123,25357.72223,13277.76077,14062.73379,15068.98238,75.143,74.134,73.077,0.628,0.466,0.968,0.976,0.101,6.67,6.6,4.62,8.85,7.27,6.03,9,-1.067834324,-0.704047782,-0.454695824
American Samoa,ASM,NA,NA,NA,NA,NA,NA,NA,NA,NA,9717.829056,9589.979837,9271.71201,87.153,87.198,87.288,NA,NA,NA,NA,NA,NA,NA,NA,NA,NA,NA,NA,NA,NA,NA
Andorra,AND,NA,NA,NA,NA,NA,NA,NA,NA,NA,40790.19801,42949.66624,44569.78301,88.062,88.248,88.441,NA,NA,NA,NA,NA,NA,NA,NA,NA,NA,NA,NA,NA,NA,NA
Antigua and Barbuda,ATG,1.127963384,1.240073243,NA,4.3,0.8,-3.49,20440.54056,21923.79604,23840.7299,12976.33146,13917.95112,15134.88416,24.599,24.846,25.175,NA,NA,NA,NA,NA,NA,NA,NA,NA,NA,NA,NA,NA,-0.440073243,-0.327963384
Aruba,ABW,0.715000648,0.950474753,NA,6.5,0.6,-5.95,36172.93335,35557.65686,NA,24697.49403,24277.40679,NA,43.411,43.192,43.041,NA,NA,NA,NA,NA,NA,NA,NA,NA,NA,NA,NA,NA,-0.350474753,-0.115000648
Australia,AUS,18.38064796,19.86721643,23.94443264,6.6,12.3,5.63,43651.10313,44488.74083,45377.75514,54679.42018,55728.68446,56842.30551,86.012,85.8,85.602,0.73,0.718,1,0.971,0.232,8.07,6.96,7.92,9.46,7.56,8.47,8,-11.64443264,-7.56721643,-6.08064796
Austria,AUT,3.167051879,3.333496298,3.237618137,6,2.9,-3.12,44246.89327,44632.7261,46260.38238,47842.74891,48259.9376,50019.87021,58.297,57.905,57.526,0.718,0.658,1,0.974,0.242,7.71,5.66,7.93,9.42,8.09,7.45,9,-0.337618137,-0.433496298,-0.267051879
Bahamas,BHS,12.65583568,15.00820385,20.95647559,3.7,9.2,5.44,28847.02358,28586.02995,28472.20046,27620.09553,27370.20254,27261.21448,83.025,82.832,82.668,0.741,0.863,1,0.98,0.122,7.25,8.1,6.52,6.88,6.54,8.22,3,-11.75647559,-5.80820385,-3.45583568
Bahrain,BHR,1.158124061,1.516906721,NA,8.6,0.5,-8.11,43846.56855,43731.98342,41973.11293,22395.30603,22336.77993,21438.4099,89.287,89.09,88.915,0.627,0.515,0.998,0.958,0.037,7.35,6.97,5.22,9.36,7.42,7.81,6,NA,-1.016906721,-0.658124061
Barbados,BRB,0.228911345,0.30634936,0.382738991,3.8,0.2,-3.64,15956.84336,16623.6782,16463.51743,15525.07683,16173.8682,16018.04113,31.147,31.193,31.328,0.753,0.871,1,0.976,0.166,6.45,6.27,5.88,6.16,6.96,6.99,3,-0.182738991,-0.10634936,-0.028911345
Belgium,BEL,0.978330109,0.923439466,0.876256969,6.3,0.8,-5.47,41447.18738,42465.18751,43582.1284,44855.95787,45957.68211,47166.48436,98.001,97.919,97.833,0.738,0.714,1,0.973,0.264,7.51,4.86,7.07,9.48,8.16,7.99,9,-0.076256969,-0.123439466,-0.178330109
Belize,BLZ,NA,NA,NA,5.4,3.8,-1.57,7740.681033,7634.449617,7673.653587,4286.113,4227.291321,4248.999055,45.724,45.495,45.335,0.662,0.648,0.99,0.98,0.032,6.78,6.89,5.21,7.19,6.53,8.08,NA,NA,NA,NA
Bermuda,BMU,0.133714543,0.139779049,0.156476544,7.5,0.1,-7.37,NA,NA,NA,NA,NA,NA,100,100,100,NA,NA,NA,NA,NA,NA,NA,NA,NA,NA,NA,NA,-0.056476544,-0.039779049,-0.033714543
Bhutan,BTN,7.058653909,6.905041235,NA,4.5,5,0.52,7770.022409,8744.853237,9207.693968,2639.600883,2970.766506,3128.000905,40.895,39.428,37.918,0.638,0.619,0.917,0.96,0.056,6.77,6.91,6.41,6.82,6.28,7.46,1,NA,-1.905041235,-2.058653909
British Virgin Islands,VGB,NA,NA,NA,NA,NA,NA,NA,NA,NA,NA,NA,NA,47.723,46.957,46.216,NA,NA,NA,NA,NA,NA,NA,NA,NA,NA,NA,NA,NA,NA,NA
Brunei Darussalam,BRN,4.066826168,5.328760462,NA,4.2,2.8,-1.43,76448.59333,72369.52337,71802.27172,33471.14645,31685.22545,31436.8682,77.629,76.99,76.332,0.686,0.752,0.99,0.969,0.031,6.62,3.33,5.31,8.77,7.16,8.52,1,NA,-2.528760462,-1.266826168
Cabo Verde,CPV,0.715507155,0.904381311,0.960803494,1.4,0.6,-0.83,6021.628363,6214.080234,6614.167088,3422.748802,3532.140211,3759.553249,65.732,64.784,63.81,0.702,0.684,0.971,0.974,0.178,7.16,7.18,6.04,8.33,7.18,7.09,NA,-0.360803494,-0.304381311,-0.115507155
Canada,CAN,18.24972984,20.2362909,23.17791345,7.7,15.1,7.38,43149.57642,43110.70122,44078.0656,50309.1599,50263.83433,51391.70842,81.411,81.3,81.218,0.771,0.748,1,0.971,0.365,8.08,6.48,7.85,9.55,7.91,8.61,8,-8.07791345,-5.1362909,-3.14972984
Cayman Islands,CYM,0.553819592,NA,NA,5.8,0.3,-5.5,62929.87312,64881.36475,NA,72741.43011,74997.18378,NA,100,100,100,NA,NA,NA,NA,NA,NA,NA,NA,NA,NA,NA,NA,NA,NA,-0.253819592
Channel Islands,CHI,NA,NA,NA,NA,NA,NA,NA,NA,NA,NA,NA,NA,30.914,30.93,30.995,NA,NA,NA,NA,NA,NA,NA,NA,NA,NA,NA,NA,NA,NA,NA
Comoros,COM,0.448588598,0.502813269,0.58568809,1.2,0.3,-0.9,2525.726109,2518.653714,2585.117414,1369.176631,1365.34274,1401.372199,28.965,28.619,28.338,NA,NA,NA,NA,NA,NA,NA,NA,NA,NA,NA,2,-0.28568809,-0.202813269,-0.148588598
Cook Islands,NA,NA,NA,NA,5.1,1.4,-3.64,NA,NA,NA,NA,NA,NA,NA,NA,NA,NA,NA,NA,NA,NA,NA,NA,NA,NA,NA,NA,NA,NA,NA,NA
Curacao,CUW,NA,NA,NA,NA,NA,NA,26442.68217,25637.31065,24617.08176,NA,NA,NA,89.145,89.272,89.443,NA,NA,NA,NA,NA,NA,NA,NA,NA,NA,NA,NA,NA,NA,NA
Cyprus,CYP,0.565614734,0.590952808,1.022077036,3.7,0.3,-3.47,29912.19003,32002.23422,NA,27182.50243,29081.8161,30926.45172,66.81,66.881,67.031,0.684,0.679,0.998,0.967,0.092,7.68,6.92,6.13,9.36,8.27,7.72,4,-0.722077036,-0.290952808,-0.265614734
Czech Republic,CZE,2.473962695,NA,NA,5.6,2.6,-2.99,29119.61661,31295.25952,33435.50918,20343.68375,21863.64165,23358.87295,73.792,73.57,73.384,0.693,0.651,1,0.98,0.14,7.75,6.66,6.4,9.28,8.22,8.19,7,NA,NA,0.126037305
Czechoslovakia,NA,NA,2.412009144,2.425298602,NA,NA,NA,NA,NA,NA,NA,NA,NA,NA,NA,NA,NA,NA,NA,NA,NA,NA,NA,NA,NA,NA,NA,NA,NA,NA,NA
Denmark,DNK,4.760571637,4.882177243,4.55534147,6.8,4.2,-2.63,45057.08345,46906.75361,48419.43788,59437.94732,61877.97648,63873.46401,87.874,87.642,87.41,0.778,0.734,1,0.971,0.406,7.89,4.71,8.08,9.84,8.47,8.37,9,-0.35534147,-0.682177243,-0.560571637
Djibouti,DJI,1.047799471,1.0491672,2.546917251,2.4,0.7,-1.68,NA,NA,NA,NA,NA,NA,77.777,77.528,77.314,NA,NA,NA,NA,NA,NA,NA,NA,NA,NA,NA,2,-1.846917251,-0.3491672,-0.347799471
Dominica,DMA,1.216561594,1.213635816,1.044772068,2.4,1,-1.31,10461.62133,10407.83723,9875.788887,7091.455439,7054.997651,6694.346371,70.483,69.88,69.28,NA,NA,NA,NA,NA,NA,NA,NA,NA,NA,NA,NA,-0.044772068,-0.213635816,-0.216561594
Equatorial Guinea,GNQ,6.773440404,9.632711442,NA,1.9,2.6,0.72,31743.41075,24296.60358,20181.13296,16130.33637,12346.25956,10254.99325,72.143,71.138,70.083,NA,NA,NA,NA,NA,NA,NA,NA,NA,NA,NA,2,NA,-7.032711442,-4.173440404
Estonia,EST,8.628213567,NA,NA,7.1,9.5,2.46,26930.87998,28122.86793,31035.39362,17315.14315,18081.52887,19954.13011,68.88,68.563,68.269,0.734,0.729,1,0.979,0.228,7.89,6.19,7.4,9.27,8.42,8.2,5,NA,NA,0.871786433
Faroe Islands,FRO,NA,NA,NA,NA,NA,NA,NA,NA,NA,NA,NA,NA,42.064,41.777,41.501,NA,NA,NA,NA,NA,NA,NA,NA,NA,NA,NA,NA,NA,NA,NA
Fiji,FJI,2.724532045,2.981844821,3.790628374,3.1,2.4,-0.8,8405.905166,8957.280871,9653.618373,4175.424039,4449.306188,4795.194499,56.248,55.235,54.216,0.669,0.603,0.991,0.979,0.104,6.74,5.97,5.34,7.01,6.43,8.94,1,-1.390628374,-0.581844821,-0.324532045
Finland,FIN,13.86727057,14.03876366,14.66941255,6.3,12.6,6.37,39301.05876,40310.59366,42060.80412,45550.49814,46720.56375,48749.08311,85.382,85.275,85.175,0.821,0.786,1,0.977,0.519,7.8,4.71,8.78,9.41,8.22,7.89,9,-2.06941255,-1.43876366,-1.26727057
France,FRA,2.945035212,2.731286409,2.608697511,4.4,2.4,-2.07,37575.81182,38097.87704,39555.54466,41478.24697,42054.53126,43663.58492,80.444,79.917,79.394,0.779,0.685,1,0.974,0.458,7.35,4.82,6.99,9.48,8.16,7.32,10,-0.208697511,-0.331286409,-0.545035212
French Guiana,NA,195.0766311,NA,NA,2.4,97.1,94.73,NA,NA,NA,NA,NA,NA,NA,NA,NA,NA,NA,NA,NA,NA,NA,NA,NA,NA,NA,NA,NA,NA,NA,-97.9766311
French Polynesia,PYF,1.3341667,1.476029558,2.473403505,4,1.4,-2.68,NA,NA,NA,NA,NA,NA,61.834,61.734,61.633,NA,NA,NA,NA,NA,NA,NA,NA,NA,NA,NA,NA,-1.073403505,-0.076029558,0.0658333
Germany,DEU,1.632730416,1.609096085,1.457943431,4.8,1.6,-3.22,43474.67516,44467.21879,45936.18271,44933.72041,45959.57461,47477.83815,77.312,77.224,77.19,0.776,0.734,0.976,0.973,0.418,7.82,6.17,7.42,9.46,8.04,8,10,0.142056569,-0.009096085,-0.032730416
Gibraltar,GIB,NA,NA,NA,NA,NA,NA,NA,NA,NA,NA,NA,NA,100,100,100,NA,NA,NA,NA,NA,NA,NA,NA,NA,NA,NA,NA,NA,NA,NA
Greece,GRC,1.6816958,1.779254314,1.581408707,4.3,1.6,-2.71,24081.63053,24188.99492,25140.70314,22565.68048,22666.28623,23558.08397,79.058,78.387,77.702,0.696,0.684,0.992,0.971,0.138,6.59,4.39,5.73,7.98,7.68,7.17,9,0.018591293,-0.179254314,-0.0816958
Greenland,GRL,NA,NA,NA,NA,NA,NA,NA,NA,NA,46378.38303,47413.62248,49310.00671,86.816,86.326,85.813,NA,NA,NA,NA,NA,NA,NA,NA,NA,NA,NA,NA,NA,NA,NA
Grenada,GRD,NA,NA,NA,2.9,2.1,-0.83,11757.59609,12822.65745,13804.57741,7747.500731,8449.307769,9096.329959,36.272,36.072,35.938,NA,NA,NA,NA,NA,NA,NA,NA,NA,NA,NA,NA,NA,NA,NA
Guadeloupe,NA,0.520387705,0.643110388,0.83271391,4.1,0.5,-3.66,NA,NA,NA,NA,NA,NA,NA,NA,NA,NA,NA,NA,NA,NA,NA,NA,NA,NA,NA,NA,NA,-0.33271391,-0.143110388,-0.020387705
Guam,GUM,NA,NA,NA,NA,NA,NA,NA,NA,NA,32169.56444,32027.5816,31477.26691,94.78,94.617,94.449,NA,NA,NA,NA,NA,NA,NA,NA,NA,NA,NA,NA,NA,NA,NA
Guyana,GUY,70.84454445,69.57802166,82.33822143,3.4,67.6,64.24,6910.679656,7285.100673,7667.13049,3598.347104,3793.305755,3992.226259,26.606,26.482,26.414,NA,NA,NA,NA,NA,6.32,5.72,4.8,8.37,6.29,6.41,3,-14.73822143,-1.97802166,-3.24454445
"Hong Kong SAR, China",HKG,NA,NA,NA,NA,NA,NA,52789.43908,54420.07622,57318.05783,35717.69137,36820.99148,38781.78543,100,100,100,NA,NA,NA,NA,NA,8.91,8.19,7.93,9.63,9.33,9.44,NA,NA,NA,NA
Hungary,HUN,2.174230204,2.472278692,1.888596028,3.6,2.5,-1.15,24220.73394,25842.87059,28464.5602,14165.70826,15114.42909,16647.7472,71.351,70.779,70.227,0.674,0.68,0.994,0.979,0.045,7.27,5.39,5.96,9.74,7.97,7.29,7,0.611403972,0.027721308,0.325769796
Iceland,ISL,NA,NA,NA,NA,NA,NA,42774.88885,46819.4337,48605.57707,45852.91345,50188.49842,52103.1703,93.813,93.735,93.667,0.858,0.793,0.999,0.968,0.674,7.74,5.81,8.38,9.53,7.28,7.68,5,NA,NA,NA
Ireland,IRL,4.203124598,4.192655061,4.955034567,5.1,3.4,NA,48638.33593,61820.57156,70855.32724,52774.50118,67077.74361,76880.8077,63.17,62.737,62.34,0.796,0.725,0.996,0.97,0.493,8.13,6.72,7.51,9.47,8.56,8.39,9,-1.555034567,-0.792655061,-0.803124598
Isle of Man,IMN,NA,NA,NA,NA,NA,NA,NA,NA,NA,81902.30986,87381.78686,NA,52.588,52.343,52.162,NA,NA,NA,NA,NA,NA,NA,NA,NA,NA,NA,NA,NA,NA,NA
Israel,ISR,0.36448043,0.446563193,0.485899833,4.9,0.3,-4.62,31899.0529,32617.55494,33609.02306,32977.96087,33720.7645,34745.76662,92.418,92.256,92.104,0.722,0.684,1,0.971,0.232,7.53,6.47,6.2,9.38,8.22,7.39,NA,-0.185899833,-0.146563193,-0.06448043
Italy,ITA,1.082747418,1.097812763,1.065460561,4.4,0.9,-3.49,34043.56211,34840.20313,35828.48628,33666.69191,34454.51392,35431.85655,70.438,69.855,69.272,0.706,0.592,0.995,0.969,0.267,7.41,6.12,5.78,9.4,8.24,7.54,10,-0.165460561,-0.197812763,-0.182747418
Japan,JPN,0.650890002,0.711285892,0.807728558,4.5,0.6,-3.91,37337.31741,38108.40569,39293.69158,46484.15527,47444.14356,48919.79894,91.616,91.457,91.304,0.662,0.595,0.994,0.979,0.081,7.86,5.73,7.62,9.52,8.18,8.25,8,-0.207728558,-0.111285892,-0.050890002
Kiribati,KIR,NA,NA,NA,NA,NA,NA,1814.758995,2047.723756,2035.449728,1571.230363,1772.932796,1762.305861,54.057,52.45,50.773,NA,NA,NA,NA,NA,NA,NA,NA,NA,NA,NA,NA,NA,NA,NA
"Korea, Rep.",KOR,NA,0.897616075,1.110044583,6,0.7,-5.33,33425.68959,35020.41151,36776.51928,24323.57284,25484.03759,26761.94138,81.459,81.562,81.707,0.657,0.549,0.973,0.973,0.134,7.59,7.04,6.47,9.6,7.59,7.26,8,-0.410044583,-0.197616075,NA
Kosovo,XKX,NA,NA,NA,NA,NA,NA,8701.50286,9455.600353,10069.6711,3595.923942,3907.557147,4161.323853,NA,NA,NA,NA,NA,NA,NA,NA,NA,NA,NA,NA,NA,NA,NA,NA,NA,NA
Kuwait,KWT,NA,NA,NA,8.6,0.6,-7.99,72588.67068,70104.56503,64683.72998,37158.7342,35887.1002,33112.13041,100,100,100,0.63,0.541,0.992,0.961,0.027,6.41,5.22,4.98,8.35,6.76,6.72,6,NA,NA,NA
Liechtenstein,LIE,NA,NA,NA,NA,NA,NA,NA,NA,NA,NA,NA,NA,14.338,14.303,14.313,NA,NA,NA,NA,NA,NA,NA,NA,NA,NA,NA,NA,NA,NA,NA
Luxembourg,LUX,1.839574364,1.938990554,2.229658618,12.9,1.2,-11.67,92349.18643,96285.48898,96792.59959,105658.5197,110162.1208,110742.316,90.981,90.46,89.884,0.712,0.693,1,0.972,0.184,7.86,5.43,8.34,9.36,8.31,7.88,9,-1.029658618,-0.738990554,-0.639574364
"Macao SAR, China",MAC,NA,NA,NA,NA,NA,NA,130439.1067,97787.64944,109932.4474,69580.56247,52163.18805,58641.62766,100,100,100,NA,NA,NA,NA,NA,NA,NA,NA,NA,NA,NA,NA,NA,NA,NA
Macedonia TFYR,NA,1.640507975,NA,NA,2.9,1.6,-1.31,NA,NA,NA,NA,NA,NA,NA,NA,NA,NA,NA,NA,NA,NA,NA,NA,NA,NA,NA,NA,5,NA,NA,-0.040507975
Maldives,MDV,NA,NA,NA,NA,NA,NA,12892.10522,12903.44132,13582.90347,7624.767378,7631.471877,8033.325627,39.808,38.954,38.106,0.662,0.622,1,0.953,0.072,NA,NA,NA,NA,NA,NA,NA,NA,NA,NA
Malta,MLT,0.667583149,0.697359354,0.731748826,5.8,0.6,-5.19,32008.36747,35772.25783,38388.05641,23842.2299,26645.85741,28594.30014,94.612,94.48,94.347,0.686,0.614,1,0.969,0.159,7.97,7.08,6.45,9.55,8.42,8.34,7,-0.131748826,-0.097359354,-0.067583149
Marshall Islands,MHL,NA,NA,NA,NA,NA,NA,3258.331941,3321.140145,3539.567394,2823.294823,2877.717171,3066.981044,77.031,76.228,75.384,NA,NA,NA,NA,NA,NA,NA,NA,NA,NA,NA,NA,NA,NA,NA
Martinique,NA,0.485247873,0.506703383,0.501622963,4.4,0.4,-4.04,NA,NA,NA,NA,NA,NA,NA,NA,NA,NA,NA,NA,NA,NA,NA,NA,NA,NA,NA,NA,NA,-0.101622963,-0.106703383,-0.085247873
"Micronesia, Fed. Sts.",FSM,NA,NA,NA,NA,NA,NA,3042.70092,3131.290646,3152.715404,2633.409075,2710.082069,2728.624855,22.703,22.526,22.399,NA,NA,NA,NA,NA,NA,NA,NA,NA,NA,NA,NA,NA,NA,NA
Monaco,MCO,NA,NA,NA,NA,NA,NA,NA,NA,NA,182442.0549,194188.1949,195879.6374,100,100,100,NA,NA,NA,NA,NA,NA,NA,NA,NA,NA,NA,NA,NA,NA,NA
Montenegro,MNE,NA,NA,NA,3.7,3,-0.62,14796.61892,15737.00783,17314.86237,7045.115953,7492.863436,8244.127509,66.813,66.141,65.471,0.706,0.696,0.992,0.979,0.157,6.84,5.93,4.89,8.15,8.17,7.04,NA,NA,NA,NA
Montserrat,NA,NA,NA,NA,4.5,1.3,-3.15,NA,NA,NA,NA,NA,NA,NA,NA,NA,NA,NA,NA,NA,NA,NA,NA,NA,NA,NA,NA,NA,NA,NA,NA
Nauru,NRU,NA,NA,NA,NA,NA,NA,12561.44634,12950.52898,14644.61813,9358.155524,9648.018316,10910.09828,100,100,100,NA,NA,NA,NA,NA,NA,NA,NA,NA,NA,NA,NA,NA,NA,NA
Netherlands,NLD,0.96784202,0.98315702,1.072924955,4.8,0.8,-4.01,46238.20971,47709.7212,49787.07275,51100.83983,52727.10248,55022.9182,91.49,90.635,89.69,0.747,0.698,1,0.968,0.323,7.72,4.34,8.11,9.42,8.66,8.06,10,-0.272924955,-0.18315702,-0.16784202
New Caledonia,NCL,NA,NA,NA,NA,NA,NA,NA,NA,NA,NA,NA,NA,70.683,69.821,68.931,NA,NA,NA,NA,NA,NA,NA,NA,NA,NA,NA,NA,NA,NA,NA
New Zealand,NZL,12.70122054,14.07249932,15.63287242,4.7,9.3,4.59,34608.0617,35702.87601,36351.57473,36174.90523,37319.28612,37997.35398,86.538,86.4,86.281,0.801,0.761,1,0.97,0.472,8.5,6.64,8.61,9.51,8.61,9.13,7,-6.33287242,-4.77249932,-3.40122054
Northern Mariana Islands,MNP,NA,NA,NA,NA,NA,NA,NA,NA,NA,14249.98704,18630.8248,18577.79149,91.618,91.443,91.273,NA,NA,NA,NA,NA,NA,NA,NA,NA,NA,NA,NA,NA,NA,NA
Norway,NOR,8.854094065,9.162580045,9.662646585,5.5,7.3,1.76,63328.25953,64052.94531,65389.17698,89175.49955,90195.96368,92077.57431,82.248,81.485,80.692,0.835,0.806,0.999,0.972,0.563,7.62,4.93,8.48,9.55,7.57,7.59,9,-2.362646585,-1.862580045,-1.554094065
Oman,OMN,2.642398618,3.681558945,NA,6.8,1.5,-5.27,39700.39679,39248.8784,37143.30921,16884.28341,16692.256,15796.77309,84.539,82.5,80.145,0.605,0.43,0.99,0.979,0.02,6.76,4.44,6.18,8.74,7.67,6.77,6,NA,-2.181558945,-1.142398618
Palau,PLW,NA,NA,NA,NA,NA,NA,15326.25391,16909.81916,16424.55184,11440.39105,12622.45457,12260.22334,79.93,78.775,77.517,NA,NA,NA,NA,NA,NA,NA,NA,NA,NA,NA,NA,NA,NA,NA
Portugal,PRT,1.382372528,1.417380742,1.471306635,4.1,1.3,-2.84,26033.92101,27233.60713,28999.37309,21540.98795,22533.63229,23994.66243,65.211,64.086,62.936,0.732,0.721,0.991,0.978,0.24,7.52,6.2,6.84,9.39,8.35,6.81,9,-0.171306635,-0.117380742,-0.082372528
Puerto Rico,PRI,NA,NA,NA,NA,NA,NA,35066.05686,35550.95487,35085.29731,27325.6608,27703.5236,27340.65417,93.578,93.602,93.651,NA,NA,NA,NA,NA,NA,NA,NA,NA,NA,NA,NA,NA,NA,NA
Qatar,QAT,4.76411305,6.19767061,NA,14.4,1,-13.41,116693.5077,114455.7871,112599.9725,65560.3754,64303.18636,63260.5585,99.135,99.015,98.868,0.629,0.511,0.995,0.961,0.05,7.07,5.69,6.14,8.5,7.54,7.46,1,NA,-5.19767061,-3.76411305
RŽunion,NA,0.223903991,0.265315575,0.263400572,4.6,0.2,-4.45,NA,NA,NA,NA,NA,NA,NA,NA,NA,NA,NA,NA,NA,NA,NA,NA,NA,NA,NA,NA,NA,-0.063400572,-0.065315575,-0.023903991
Saint Lucia,NA,0.620677995,0.755548516,0.88685479,2.3,0.3,-2,NA,NA,NA,NA,NA,NA,NA,NA,NA,NA,NA,NA,NA,NA,NA,NA,NA,NA,NA,NA,NA,-0.58685479,-0.455548516,-0.320677995
Samoa,WSM,1.858002957,2.000579234,2.071231795,3,1.9,-1.07,5271.792436,5869.097995,5752.993157,3435.277475,3824.501891,3748.844069,18.243,18.681,19.149,NA,NA,NA,NA,NA,NA,NA,NA,NA,NA,NA,NA,-0.171231795,-0.100579234,0.041997043
San Marino,SMR,NA,NA,NA,NA,NA,NA,56110.33908,56731.487,NA,52233.05289,52811.2788,NA,97.226,96.91,96.559,NA,NA,NA,NA,NA,NA,NA,NA,NA,NA,NA,NA,NA,NA,NA
Sao Tome and Principe,STP,1.327670741,1.63687572,2.723388691,1.7,0.9,-0.84,2836.535319,2953.933816,3033.39298,1213.164082,1263.374506,1297.358572,72.803,71.092,69.213,NA,NA,NA,NA,NA,NA,NA,NA,NA,NA,NA,NA,-1.823388691,-0.73687572,-0.427670741
Saudi Arabia,SAU,0.732238663,0.949054968,NA,6.2,0.4,-5.81,49731.7793,50163.6282,49100.65634,21087.35441,21270.46772,20819.74457,83.844,83.401,82.96,0.59,0.337,0.982,0.963,0.077,6.52,5.2,5.3,8.97,6.32,6.82,6,NA,-0.549054968,-0.332238663
Serbia,SRB,NA,NA,NA,3,1.7,-1.26,14025.58924,14902.55987,16049.27905,6018.165979,6394.460674,6886.500348,56.092,55.81,55.583,0.73,0.672,0.998,0.98,0.272,6.89,6.37,5.03,8.24,7.62,7.17,NA,NA,NA,NA
Seychelles,SYC,NA,NA,NA,NA,NA,NA,24221.14435,25630.71024,27114.01549,12850.4932,13598.33635,14385.30181,56.691,55.831,54.969,NA,NA,NA,NA,NA,7.16,6.27,5.76,9.09,7.29,7.38,NA,NA,NA,NA
Singapore,SGP,0.031377952,0.046100449,NA,5.9,0.1,-5.82,81965.36107,84704.28093,90091.41517,52994.03837,54764.86476,58247.87264,100,100,100,0.707,0.761,0.988,0.965,0.113,8.71,7.2,8.22,9.85,9.29,8.98,6,NA,0.053899551,0.068622048
Sint Maarten (Dutch part),SXM,NA,NA,NA,NA,NA,NA,33640.79577,32017.76664,NA,NA,NA,NA,100,100,100,NA,NA,NA,NA,NA,NA,NA,NA,NA,NA,NA,NA,NA,NA,NA
Slovak Republic,SVK,2.868234433,NA,NA,4.2,3,-1.21,27354.52522,29216.90378,31226.44644,18044.95695,19273.51203,20599.14684,53.726,53.806,54,0.693,0.657,1,0.98,0.135,7.51,6.49,5.68,9.46,8.3,7.59,7,NA,NA,0.131765567
Slovenia,SVN,2.359128022,NA,NA,5.1,2.2,-2.89,28522.58264,30018.44593,32728.40119,23328.47507,24551.93404,26768.39264,54.541,54.02,53.557,0.784,0.795,1,0.98,0.361,7.15,5.25,6.22,9.41,7.9,6.98,7,NA,NA,-0.159128022
Solomon Islands,SLB,NA,NA,NA,2.4,4,1.62,2097.37664,2104.003557,2149.825034,1446.436173,1451.006365,1482.606718,23.749,22.823,21.896,NA,NA,NA,NA,NA,NA,NA,NA,NA,NA,NA,1,NA,NA,NA
South Sudan,SSD,NA,NA,NA,1.5,1.6,0.12,1817.598265,NA,NA,831.8504616,NA,NA,19.615,19.092,18.626,NA,NA,NA,NA,NA,NA,NA,NA,NA,NA,NA,NA,NA,NA,NA
Spain,ESP,1.635068078,1.429632407,1.387467652,4,1.4,-2.67,31076.86172,33244.9531,34830.54444,29398.61031,31449.61772,32949.58198,80.321,79.84,79.366,0.746,0.66,0.998,0.972,0.354,7.55,6.09,6.76,9.4,8.05,7.46,9,0.012532348,-0.029632407,-0.235068078
St. Kitts and Nevis,KNA,NA,NA,NA,NA,NA,NA,26412.94951,26987.89632,26804.08621,16695.43178,17058.85144,16942.66642,30.776,30.79,30.885,NA,NA,NA,NA,NA,NA,NA,NA,NA,NA,NA,NA,NA,NA,NA
St. Lucia,LCA,NA,NA,NA,NA,NA,NA,11750.78778,12032.28486,12317.26958,8095.026788,8288.947946,8485.271714,18.678,18.558,18.482,NA,NA,NA,NA,NA,NA,NA,NA,NA,NA,NA,NA,NA,NA,NA
St. Martin (French part),MAF,NA,NA,NA,NA,NA,NA,NA,NA,NA,NA,NA,NA,NA,NA,NA,NA,NA,NA,NA,NA,NA,NA,NA,NA,NA,NA,NA,NA,NA,NA
St. Vincent and the Grenadines,VCT,NA,NA,NA,NA,NA,NA,10360.75659,10639.3431,10903.41109,6511.557567,6686.644409,6852.606602,52.198,51.373,50.558,NA,NA,NA,NA,NA,NA,NA,NA,NA,NA,NA,NA,NA,NA,NA
Sudan (former),NA,2.8743168,3.377688061,5.334219337,NA,NA,NA,NA,NA,NA,NA,NA,NA,NA,NA,NA,NA,NA,NA,NA,NA,NA,NA,NA,NA,NA,NA,NA,NA,NA,NA
Suriname,SUR,NA,NA,NA,3,84.6,81.63,15158.8192,13543.16688,13762.80186,8856.565588,7912.618008,8040.940111,66.06,66.04,66.089,0.695,0.638,0.991,0.973,0.177,6.65,6.37,4.69,7.24,7.22,7.73,3,NA,NA,NA
Sweden,SWE,10.9998165,11.59625358,12.12225185,6.5,9.6,3.09,44762.4903,46774.30323,47717.66474,54334.28463,56776.29391,57921.37928,87.431,86.852,86.247,0.822,0.808,0.998,0.969,0.512,7.56,4.54,7.75,9.3,8.18,8.05,9,-2.52225185,-1.99625358,-1.3998165
Switzerland,CHE,1.342953683,1.276399876,1.222337687,4.6,1,-3.63,57218.02323,57678.86559,59317.32399,76410.87777,77026.30219,79214.35479,73.797,73.739,73.696,0.755,0.739,0.991,0.97,0.32,8.4,7.6,8.4,9.93,7.62,8.48,9,-0.222337687,-0.276399876,-0.342953683
Taiwan,TWN,NA,NA,NA,NA,NA,NA,NA,NA,NA,NA,NA,NA,NA,NA,NA,NA,NA,NA,NA,NA,7.85,7.38,6.76,9.75,7.73,7.64,NA,NA,NA,NA
Timor-Leste,TLS,2.437641165,3.094321896,3.248716876,0.5,1.5,1.03,6466.737732,7566.018422,6795.510377,2626.018234,3072.41505,2759.526503,30.578,29.85,29.133,0.638,0.423,0.935,0.977,0.216,5.99,4.45,3.27,8.11,7.78,6.33,NA,-1.748716876,-1.594321896,-0.937641165
Tonga,TON,1.230080425,1.482963372,1.640690174,3.4,1.7,-1.74,5268.399647,5642.742893,5696.22889,3750.384453,4016.865962,4054.940722,23.131,23.222,23.328,NA,NA,NA,NA,NA,NA,NA,NA,NA,NA,NA,NA,0.059309826,0.217036628,0.469919575
Trinidad and Tobago,TTO,1.754535509,1.843923251,2.431459363,8.4,1.6,-6.82,31170.20922,29411.47556,28407.47373,16635.54036,15696.90422,15161.06846,53.184,53.25,53.413,NA,NA,NA,NA,NA,6.7,5.4,4.56,9.11,7.81,6.6,3,-0.831459363,-0.243923251,-0.154535509
Turks and Caicos Islands,TCA,NA,NA,NA,NA,NA,NA,19743.73032,21126.23564,22512.0515,NA,NA,NA,93.098,92.517,91.851,NA,NA,NA,NA,NA,NA,NA,NA,NA,NA,NA,NA,NA,NA,NA
Tuvalu,TUV,NA,NA,NA,NA,NA,NA,3141.05616,3452.663265,3593.274184,3178.452962,3493.770001,3636.055006,62.387,60.645,58.786,NA,NA,NA,NA,NA,NA,NA,NA,NA,NA,NA,1,NA,NA,NA
United Arab Emirates,ARE,1.954506158,3.266024579,NA,8.9,0.6,-8.36,62879.70302,67045.10429,66616.05028,38495.04635,41045.11112,40782.44362,86.522,85.965,85.375,0.642,0.439,0.979,0.972,0.18,7.17,5.85,5.67,9.06,8.05,7.24,6,NA,-2.666024579,-1.354506158
United Kingdom,GBR,1.358289609,1.345645016,1.090339651,4.4,1.1,-3.28,38693.89326,39760.49425,40522.24661,41369.79848,42510.16106,43324.59297,83.398,82.886,82.365,0.774,0.705,0.999,0.97,0.421,8.09,6.21,7.78,9.67,8.43,8.35,10,0.009660349,-0.245645016,-0.258289609
United States,USA,3.992914044,4.248326922,4.711300662,8.1,3.6,-4.46,52080.79257,53631.75762,55719.11998,51015.13548,52534.36528,54579.01684,82.256,81.862,81.483,0.72,0.782,0.998,0.976,0.125,8.19,7.16,7.44,9.8,7.67,8.86,10,-1.111300662,-0.648326922,-0.392914044
USSR,NA,NA,4.375858318,4.898194138,NA,NA,NA,NA,NA,NA,NA,NA,NA,NA,NA,NA,NA,NA,NA,NA,NA,NA,NA,NA,NA,NA,NA,NA,NA,NA,NA
Vanuatu,VUT,NA,NA,NA,NA,NA,NA,2837.122659,2789.624867,2858.202369,2854.223636,2806.439547,2875.430406,25.274,25.062,24.861,NA,NA,NA,NA,NA,NA,NA,NA,NA,NA,NA,NA,NA,NA,NA
Virgin Islands (U.S.),VIR,NA,NA,NA,NA,NA,NA,NA,NA,NA,29303.7241,29729.22179,NA,95.721,95.48,95.213,NA,NA,NA,NA,NA,NA,NA,NA,NA,NA,NA,NA,NA,NA,NA
West Bank and Gaza,PSE,NA,NA,NA,NA,NA,NA,4445.30747,4600.6854,4576.432497,2603.521014,2694.522526,2680.318123,76.164,75.628,75.113,NA,NA,NA,NA,NA,NA,NA,NA,NA,NA,NA,NA,NA,NA,NA
Yugoslav SFR,NA,NA,1.962738547,2.056578041,NA,NA,NA,NA,NA,NA,NA,NA,NA,NA,NA,NA,NA,NA,NA,NA,NA,NA,NA,NA,NA,NA,NA,5,NA,NA,NA